subscription_id,user_id,subscription_type,start_date
1,1,Premium,1/18/2025
2,2,Free,3/10/2024
3,3,Student,9/17/2024
4,4,Free,11/20/2024
5,5,Family,6/19/2024
6,6,Premium,1/29/2025
7,7,Student,9/11/2024
8,8,Family,10/17/2023
9,9,Premium,11/23/2023
10,10,Family,10/30/2023
11,11,Student,8/21/2024
12,12,Free,2/12/2024
13,13,Free,4/16/2024
14,14,Premium,6/19/2024
15,15,Family,4/26/2023
16,16,Family,8/25/2024
17,17,Free,6/9/2024
18,18,Student,6/22/2023
19,19,Family,9/21/2024
20,20,Free,7/31/2024
21,21,Student,7/19/2024
22,22,Free,10/18/2024
23,23,Premium,10/23/2023
24,24,Student,8/30/2024
25,25,Free,5/19/2024
26,26,Family,9/6/2024
27,27,Premium,12/22/2023
28,28,Free,7/30/2023
29,29,Premium,9/9/2024
30,30,Free,6/25/2023
31,31,Student,4/15/2024
32,32,Premium,5/3/2023
33,33,Student,3/19/2024
34,34,Free,9/2/2024
35,35,Family,11/23/2024
36,36,Free,2/21/2024
37,37,Family,1/12/2025
38,38,Free,11/29/2023
39,39,Family,8/11/2023
40,40,Student,7/24/2023
41,41,Premium,12/7/2024
42,42,Premium,8/11/2024
43,43,Family,3/3/2024
44,44,Premium,7/19/2023
45,45,Student,10/20/2023
46,46,Family,8/13/2023
47,47,Family,11/1/2023
48,48,Premium,7/20/2023
49,49,Free,5/3/2023
50,50,Student,3/11/2024
51,51,Family,5/1/2024
52,52,Family,1/15/2025
53,53,Family,10/10/2023
54,54,Student,11/28/2024
55,55,Student,2/7/2025
56,56,Family,3/27/2024
57,57,Family,10/27/2024
58,58,Student,10/1/2023
59,59,Premium,10/1/2024
60,60,Family,2/19/2025
61,61,Premium,12/4/2024
62,62,Student,2/23/2024
63,63,Student,9/3/2023
64,64,Student,2/25/2025
65,65,Student,5/4/2024
66,66,Premium,7/12/2024
67,67,Student,2/6/2024
68,68,Free,2/28/2025
69,69,Student,1/26/2024
70,70,Free,8/16/2024
71,71,Family,1/10/2024
72,72,Premium,2/19/2025
73,73,Family,9/3/2023
74,74,Free,5/22/2023
75,75,Student,1/23/2025
76,76,Free,8/21/2024
77,77,Free,2/4/2025
78,78,Student,9/26/2023
79,79,Family,3/9/2025
80,80,Family,7/6/2023
81,81,Premium,6/4/2023
82,82,Premium,1/17/2024
83,83,Family,5/30/2023
84,84,Premium,8/21/2023
85,85,Student,5/25/2024
86,86,Premium,6/12/2024
87,87,Student,11/27/2024
88,88,Family,2/29/2024
89,89,Family,9/13/2023
90,90,Premium,6/16/2024
91,91,Premium,6/9/2023
92,92,Student,4/2/2024
93,93,Free,3/23/2024
94,94,Free,1/1/2025
95,95,Student,3/5/2025
96,96,Premium,10/22/2024
97,97,Student,7/24/2024
98,98,Free,6/15/2024
99,99,Family,8/25/2023
100,100,Family,8/5/2023
101,101,Premium,1/2/2024
102,102,Student,1/16/2024
103,103,Student,6/20/2023
104,104,Premium,10/23/2023
105,105,Family,7/17/2023
106,106,Family,10/3/2024
107,107,Free,1/9/2025
108,108,Family,10/14/2024
109,109,Premium,7/15/2023
110,110,Free,3/2/2024
111,111,Student,2/24/2025
112,112,Student,3/28/2024
113,113,Free,11/10/2024
114,114,Family,12/9/2023
115,115,Premium,1/22/2025
116,116,Family,12/18/2023
117,117,Free,6/21/2024
118,118,Student,10/28/2024
119,119,Free,9/16/2023
120,120,Student,1/7/2024
121,121,Student,5/8/2023
122,122,Family,9/5/2024
123,123,Student,10/5/2024
124,124,Free,11/5/2024
125,125,Student,2/4/2024
126,126,Family,2/10/2024
127,127,Free,5/15/2024
128,128,Free,2/2/2025
129,129,Family,8/28/2024
130,130,Family,9/9/2024
131,131,Free,7/5/2023
132,132,Free,1/4/2025
133,133,Premium,3/16/2025
134,134,Premium,6/13/2023
135,135,Family,12/15/2024
136,136,Student,6/30/2023
137,137,Free,7/25/2023
138,138,Family,10/23/2023
139,139,Premium,7/27/2023
140,140,Student,9/9/2023
141,141,Student,2/16/2024
142,142,Premium,4/17/2024
143,143,Free,1/10/2024
144,144,Student,1/10/2024
145,145,Student,3/10/2024
146,146,Family,1/10/2024
147,147,Student,9/10/2024
148,148,Student,2/4/2025
149,149,Premium,7/3/2024
150,150,Premium,12/23/2023
151,151,Student,11/29/2023
152,152,Student,9/30/2023
153,153,Premium,4/19/2024
154,154,Premium,6/19/2024
155,155,Premium,7/3/2024
156,156,Premium,5/17/2023
157,157,Family,9/1/2024
158,158,Family,5/5/2024
159,159,Free,8/16/2024
160,160,Family,12/16/2023
161,161,Family,3/12/2025
162,162,Student,6/8/2024
163,163,Premium,12/15/2024
164,164,Premium,10/22/2023
165,165,Family,6/5/2023
166,166,Premium,6/25/2023
167,167,Student,6/18/2023
168,168,Premium,3/21/2025
169,169,Family,9/6/2023
170,170,Student,5/26/2024
171,171,Premium,5/4/2023
172,172,Premium,7/13/2024
173,173,Family,1/20/2024
174,174,Free,5/22/2023
175,175,Free,10/31/2023
176,176,Student,4/28/2023
177,177,Family,8/2/2023
178,178,Family,1/20/2025
179,179,Family,8/27/2023
180,180,Free,7/9/2023
181,181,Free,2/23/2024
182,182,Family,9/2/2023
183,183,Family,11/24/2024
184,184,Premium,11/3/2024
185,185,Student,8/23/2024
186,186,Premium,9/15/2023
187,187,Free,11/18/2023
188,188,Student,3/31/2024
189,189,Student,12/25/2024
190,190,Family,2/26/2024
191,191,Student,11/27/2023
192,192,Free,2/27/2024
193,193,Family,9/6/2023
194,194,Student,1/9/2025
195,195,Premium,9/25/2023
196,196,Student,4/4/2024
197,197,Family,6/8/2023
198,198,Free,4/26/2023
199,199,Family,11/5/2023
200,200,Family,2/10/2025
201,201,Family,1/22/2025
202,202,Family,6/22/2024
203,203,Family,2/1/2025
204,204,Premium,7/3/2024
205,205,Premium,4/21/2024
206,206,Student,4/3/2024
207,207,Premium,10/17/2024
208,208,Student,10/24/2024
209,209,Family,6/16/2023
210,210,Student,11/4/2024
211,211,Free,4/19/2024
212,212,Premium,3/12/2025
213,213,Free,6/26/2023
214,214,Premium,10/2/2023
215,215,Student,1/5/2025
216,216,Premium,1/10/2025
217,217,Family,7/4/2023
218,218,Premium,3/14/2025
219,219,Student,10/18/2023
220,220,Student,1/31/2025
221,221,Family,11/8/2024
222,222,Free,4/14/2024
223,223,Student,9/16/2023
224,224,Premium,5/25/2024
225,225,Student,6/25/2024
226,226,Free,1/11/2025
227,227,Student,8/27/2023
228,228,Premium,2/16/2024
229,229,Student,12/31/2024
230,230,Free,4/8/2024
231,231,Free,12/6/2024
232,232,Student,7/20/2023
233,233,Free,8/22/2023
234,234,Family,12/2/2024
235,235,Premium,9/26/2024
236,236,Free,2/3/2025
237,237,Premium,5/12/2023
238,238,Student,12/11/2023
239,239,Student,5/24/2023
240,240,Free,6/4/2023
241,241,Premium,12/6/2023
242,242,Family,5/14/2023
243,243,Student,8/31/2023
244,244,Premium,10/10/2024
245,245,Premium,11/12/2024
246,246,Free,12/22/2024
247,247,Student,1/29/2025
248,248,Free,7/6/2023
249,249,Student,1/25/2025
250,250,Premium,5/19/2023
251,251,Family,8/15/2023
252,252,Student,1/28/2024
253,253,Premium,11/20/2023
254,254,Student,9/16/2023
255,255,Free,5/9/2024
256,256,Family,7/5/2024
257,257,Family,7/22/2024
258,258,Student,6/2/2024
259,259,Premium,5/8/2023
260,260,Free,12/20/2024
261,261,Premium,4/9/2024
262,262,Free,5/14/2023
263,263,Family,9/7/2024
264,264,Student,11/12/2024
265,265,Family,7/25/2024
266,266,Student,7/24/2024
267,267,Premium,8/8/2023
268,268,Student,5/13/2023
269,269,Student,10/2/2024
270,270,Student,1/3/2025
271,271,Student,9/20/2024
272,272,Family,12/7/2023
273,273,Family,1/14/2025
274,274,Free,9/25/2024
275,275,Free,7/3/2023
276,276,Student,8/11/2024
277,277,Student,5/10/2024
278,278,Family,8/19/2023
279,279,Free,8/26/2023
280,280,Family,9/5/2024
281,281,Free,1/16/2025
282,282,Free,8/9/2024
283,283,Student,11/1/2023
284,284,Family,10/6/2023
285,285,Free,10/30/2024
286,286,Premium,9/21/2024
287,287,Student,7/20/2024
288,288,Free,3/12/2024
289,289,Free,2/1/2024
290,290,Premium,3/5/2024
291,291,Family,3/17/2024
292,292,Student,11/19/2023
293,293,Free,7/31/2023
294,294,Student,1/6/2025
295,295,Family,7/9/2023
296,296,Family,1/10/2025
297,297,Premium,7/2/2023
298,298,Premium,9/13/2023
299,299,Free,9/2/2024
300,300,Student,6/6/2023
301,301,Free,7/26/2024
302,302,Premium,10/7/2024
303,303,Premium,1/4/2025
304,304,Premium,11/1/2023
305,305,Family,2/8/2024
306,306,Family,10/5/2023
307,307,Family,5/8/2024
308,308,Student,2/21/2025
309,309,Premium,12/10/2023
310,310,Family,2/22/2024
311,311,Family,12/2/2023
312,312,Student,2/9/2024
313,313,Family,8/21/2023
314,314,Free,12/19/2023
315,315,Premium,12/22/2024
316,316,Student,8/2/2024
317,317,Free,8/5/2024
318,318,Student,8/22/2023
319,319,Family,7/12/2024
320,320,Family,1/15/2024
321,321,Student,2/19/2024
322,322,Student,3/27/2024
323,323,Student,11/16/2023
324,324,Student,5/24/2024
325,325,Free,10/28/2023
326,326,Student,5/16/2024
327,327,Premium,12/21/2023
328,328,Family,10/12/2024
329,329,Free,4/24/2023
330,330,Student,4/4/2024
331,331,Student,1/25/2025
332,332,Premium,6/20/2023
333,333,Free,2/8/2024
334,334,Family,12/23/2024
335,335,Free,1/13/2025
336,336,Student,2/22/2024
337,337,Student,9/25/2024
338,338,Free,1/18/2025
339,339,Premium,10/14/2023
340,340,Student,3/22/2024
341,341,Premium,11/19/2023
342,342,Family,1/8/2024
343,343,Free,8/21/2024
344,344,Premium,4/25/2023
345,345,Premium,12/18/2024
346,346,Student,1/31/2025
347,347,Student,10/19/2024
348,348,Family,10/12/2024
349,349,Student,7/11/2024
350,350,Family,11/23/2023
351,351,Premium,12/3/2024
352,352,Family,9/5/2023
353,353,Family,6/6/2024
354,354,Student,12/17/2024
355,355,Family,8/16/2024
356,356,Premium,4/13/2024
357,357,Family,8/14/2024
358,358,Family,11/7/2023
359,359,Free,1/1/2025
360,360,Free,12/21/2024
361,361,Free,10/12/2024
362,362,Family,4/2/2024
363,363,Free,2/9/2024
364,364,Family,7/21/2024
365,365,Free,12/15/2023
366,366,Family,7/6/2023
367,367,Family,8/23/2024
368,368,Student,12/29/2023
369,369,Student,3/13/2025
370,370,Student,11/15/2023
371,371,Student,10/7/2023
372,372,Free,7/22/2023
373,373,Student,1/18/2025
374,374,Family,8/25/2024
375,375,Family,3/10/2024
376,376,Premium,7/10/2023
377,377,Free,12/11/2024
378,378,Free,3/21/2024
379,379,Free,9/15/2024
380,380,Premium,3/2/2024
381,381,Family,5/15/2024
382,382,Family,8/13/2023
383,383,Student,6/30/2024
384,384,Premium,10/19/2024
385,385,Premium,10/8/2024
386,386,Student,10/3/2023
387,387,Student,3/19/2024
388,388,Premium,8/10/2023
389,389,Student,2/18/2025
390,390,Student,7/4/2024
391,391,Student,3/13/2025
392,392,Free,10/22/2023
393,393,Premium,11/17/2023
394,394,Family,12/30/2023
395,395,Family,5/27/2023
396,396,Premium,10/3/2024
397,397,Student,7/6/2024
398,398,Premium,1/14/2025
399,399,Family,1/1/2024
400,400,Premium,2/23/2024
401,401,Premium,6/21/2023
402,402,Premium,3/29/2024
403,403,Family,8/4/2024
404,404,Premium,2/4/2025
405,405,Family,5/22/2023
406,406,Student,5/1/2024
407,407,Free,7/27/2023
408,408,Family,7/28/2024
409,409,Free,10/7/2024
410,410,Student,3/8/2024
411,411,Family,2/27/2025
412,412,Family,8/6/2024
413,413,Student,11/10/2024
414,414,Free,9/13/2024
415,415,Student,2/23/2025
416,416,Premium,5/23/2023
417,417,Family,11/4/2023
418,418,Student,11/21/2024
419,419,Student,12/17/2023
420,420,Free,5/11/2023
421,421,Free,11/10/2024
422,422,Family,12/4/2023
423,423,Premium,12/14/2023
424,424,Free,4/25/2023
425,425,Free,3/21/2025
426,426,Premium,6/24/2024
427,427,Family,8/29/2024
428,428,Family,12/29/2024
429,429,Free,7/13/2023
430,430,Premium,9/21/2024
431,431,Free,10/20/2024
432,432,Family,12/26/2023
433,433,Free,2/11/2024
434,434,Student,1/5/2024
435,435,Free,5/27/2024
436,436,Family,11/29/2024
437,437,Free,7/27/2023
438,438,Student,9/24/2023
439,439,Premium,9/9/2023
440,440,Family,10/15/2023
441,441,Free,7/7/2023
442,442,Free,1/13/2025
443,443,Free,10/7/2024
444,444,Premium,5/2/2023
445,445,Free,1/16/2024
446,446,Family,8/3/2024
447,447,Premium,1/16/2024
448,448,Student,8/13/2023
449,449,Premium,5/31/2023
450,450,Student,9/4/2024
451,451,Family,2/25/2025
452,452,Family,6/14/2023
453,453,Free,6/14/2024
454,454,Premium,4/30/2024
455,455,Student,7/7/2023
456,456,Family,2/15/2025
457,457,Premium,5/24/2024
458,458,Premium,1/17/2025
459,459,Free,12/28/2023
460,460,Premium,12/2/2023
461,461,Student,9/29/2024
462,462,Premium,11/8/2023
463,463,Free,1/17/2025
464,464,Family,12/26/2023
465,465,Student,5/3/2024
466,466,Family,10/7/2023
467,467,Premium,9/8/2024
468,468,Student,5/16/2024
469,469,Student,11/27/2024
470,470,Student,3/20/2025
471,471,Free,3/27/2024
472,472,Premium,11/28/2023
473,473,Free,1/27/2025
474,474,Student,9/28/2023
475,475,Free,5/10/2024
476,476,Premium,7/18/2024
477,477,Student,10/9/2023
478,478,Free,2/7/2024
479,479,Premium,5/23/2023
480,480,Premium,11/8/2023
481,481,Family,7/21/2024
482,482,Student,3/31/2024
483,483,Free,5/16/2023
484,484,Student,7/20/2024
485,485,Family,2/7/2024
486,486,Free,12/3/2024
487,487,Family,5/11/2023
488,488,Premium,11/16/2023
489,489,Family,1/14/2025
490,490,Family,8/6/2024
491,491,Student,12/19/2024
492,492,Premium,5/2/2023
493,493,Student,8/2/2023
494,494,Free,8/6/2024
495,495,Student,4/25/2024
496,496,Free,11/14/2024
497,497,Free,8/30/2024
498,498,Premium,11/16/2024
499,499,Family,8/2/2023
500,500,Family,5/23/2023
501,501,Free,4/23/2023
502,502,Family,8/29/2023
503,503,Family,8/10/2023
504,504,Family,8/13/2024
505,505,Student,5/18/2024
506,506,Free,1/10/2025
507,507,Premium,9/1/2024
508,508,Student,1/23/2024
509,509,Family,1/8/2024
510,510,Premium,1/10/2025
511,511,Student,8/11/2024
512,512,Premium,8/6/2024
513,513,Student,3/4/2025
514,514,Free,5/21/2024
515,515,Family,1/9/2025
516,516,Student,4/20/2024
517,517,Family,6/17/2024
518,518,Free,8/3/2024
519,519,Family,6/7/2023
520,520,Family,2/12/2025
521,521,Family,5/21/2024
522,522,Free,7/4/2024
523,523,Student,10/4/2024
524,524,Premium,3/22/2025
525,525,Student,10/5/2024
526,526,Free,10/17/2024
527,527,Premium,11/2/2024
528,528,Student,4/27/2023
529,529,Family,7/25/2023
530,530,Student,6/18/2024
531,531,Premium,10/2/2024
532,532,Family,12/28/2024
533,533,Student,8/21/2024
534,534,Premium,9/23/2023
535,535,Family,2/12/2025
536,536,Student,11/15/2023
537,537,Free,7/12/2023
538,538,Family,2/25/2025
539,539,Free,3/26/2024
540,540,Premium,1/28/2025
541,541,Student,11/11/2024
542,542,Free,8/4/2024
543,543,Free,12/2/2024
544,544,Student,5/5/2024
545,545,Student,9/24/2023
546,546,Student,11/24/2023
547,547,Student,11/1/2024
548,548,Family,8/5/2024
549,549,Family,5/13/2023
550,550,Student,11/29/2024
551,551,Premium,5/26/2024
552,552,Family,2/2/2025
553,553,Student,6/3/2023
554,554,Student,10/13/2023
555,555,Free,9/10/2024
556,556,Free,8/2/2023
557,557,Premium,1/5/2025
558,558,Free,12/10/2024
559,559,Family,10/13/2023
560,560,Student,2/9/2025
561,561,Student,7/29/2023
562,562,Free,10/7/2023
563,563,Premium,9/21/2024
564,564,Premium,10/2/2024
565,565,Premium,8/24/2023
566,566,Free,12/30/2024
567,567,Free,5/10/2024
568,568,Premium,3/3/2025
569,569,Premium,12/27/2024
570,570,Free,7/18/2023
571,571,Family,8/16/2024
572,572,Family,11/30/2024
573,573,Premium,5/28/2024
574,574,Premium,11/19/2024
575,575,Family,9/13/2023
576,576,Family,9/11/2024
577,577,Student,9/5/2023
578,578,Premium,9/25/2023
579,579,Family,9/1/2023
580,580,Free,11/11/2023
581,581,Free,12/14/2023
582,582,Family,11/3/2024
583,583,Premium,6/5/2023
584,584,Student,12/8/2023
585,585,Student,1/7/2025
586,586,Premium,5/23/2024
587,587,Family,1/20/2024
588,588,Free,9/21/2023
589,589,Free,6/12/2023
590,590,Family,7/24/2023
591,591,Premium,12/6/2023
592,592,Free,6/29/2024
593,593,Premium,2/22/2024
594,594,Family,1/18/2024
595,595,Free,1/10/2024
596,596,Family,2/2/2025
597,597,Student,4/18/2024
598,598,Free,10/14/2024
599,599,Premium,10/25/2024
600,600,Family,5/17/2024
601,601,Family,4/23/2024
602,602,Premium,4/23/2023
603,603,Premium,1/26/2024
604,604,Free,10/8/2024
605,605,Free,3/19/2024
606,606,Premium,1/23/2024
607,607,Student,6/22/2024
608,608,Free,12/30/2024
609,609,Premium,1/22/2024
610,610,Premium,9/10/2023
611,611,Free,11/7/2023
612,612,Free,11/23/2023
613,613,Student,9/27/2023
614,614,Family,6/27/2024
615,615,Premium,8/22/2023
616,616,Free,6/23/2024
617,617,Family,12/23/2024
618,618,Family,3/1/2025
619,619,Premium,9/19/2023
620,620,Student,11/7/2024
621,621,Student,10/29/2024
622,622,Premium,7/17/2024
623,623,Family,9/11/2023
624,624,Premium,10/23/2023
625,625,Student,2/21/2024
626,626,Premium,8/14/2023
627,627,Free,1/15/2024
628,628,Family,6/12/2024
629,629,Family,4/17/2024
630,630,Family,9/20/2024
631,631,Student,6/12/2024
632,632,Student,2/13/2024
633,633,Free,12/16/2023
634,634,Student,11/27/2023
635,635,Premium,3/5/2024
636,636,Student,11/1/2024
637,637,Free,12/8/2023
638,638,Family,8/24/2023
639,639,Student,10/24/2024
640,640,Student,5/20/2024
641,641,Student,3/16/2024
642,642,Premium,2/13/2024
643,643,Free,12/24/2023
644,644,Premium,5/11/2024
645,645,Free,12/21/2023
646,646,Free,3/21/2024
647,647,Free,10/18/2024
648,648,Free,5/9/2023
649,649,Premium,3/24/2024
650,650,Student,5/17/2023
651,651,Premium,8/19/2023
652,652,Student,9/1/2023
653,653,Student,5/20/2024
654,654,Free,7/12/2024
655,655,Family,3/21/2025
656,656,Family,8/24/2024
657,657,Premium,12/18/2024
658,658,Premium,6/30/2024
659,659,Family,9/6/2024
660,660,Premium,12/8/2023
661,661,Free,1/19/2025
662,662,Free,11/15/2023
663,663,Student,11/7/2023
664,664,Free,12/16/2024
665,665,Free,8/10/2024
666,666,Student,2/16/2025
667,667,Student,10/1/2023
668,668,Premium,12/7/2024
669,669,Family,10/1/2024
670,670,Premium,6/7/2023
671,671,Premium,1/1/2025
672,672,Family,5/18/2023
673,673,Family,11/16/2023
674,674,Premium,6/22/2023
675,675,Free,1/25/2024
676,676,Premium,1/15/2024
677,677,Free,3/17/2025
678,678,Premium,3/21/2024
679,679,Student,2/20/2025
680,680,Free,12/21/2023
681,681,Family,1/11/2025
682,682,Student,1/11/2025
683,683,Premium,7/18/2024
684,684,Premium,1/9/2024
685,685,Premium,4/5/2024
686,686,Student,3/11/2025
687,687,Student,3/21/2025
688,688,Family,6/25/2023
689,689,Premium,5/10/2023
690,690,Free,9/28/2023
691,691,Family,3/14/2024
692,692,Student,3/5/2024
693,693,Premium,11/13/2024
694,694,Family,3/9/2024
695,695,Premium,8/5/2023
696,696,Family,9/30/2023
697,697,Premium,11/21/2023
698,698,Free,3/15/2025
699,699,Premium,12/25/2024
700,700,Free,7/12/2024
701,701,Premium,3/10/2024
702,702,Free,3/3/2024
703,703,Family,12/8/2024
704,704,Premium,8/13/2024
705,705,Family,5/28/2024
706,706,Family,11/18/2024
707,707,Premium,7/18/2023
708,708,Premium,6/6/2024
709,709,Free,2/1/2024
710,710,Free,11/22/2024
711,711,Family,2/16/2024
712,712,Student,4/24/2023
713,713,Family,7/7/2024
714,714,Family,6/3/2023
715,715,Family,5/6/2024
716,716,Student,6/13/2023
717,717,Premium,8/8/2024
718,718,Premium,4/23/2024
719,719,Premium,5/7/2024
720,720,Premium,6/25/2024
721,721,Student,2/25/2024
722,722,Family,7/8/2024
723,723,Family,7/24/2024
724,724,Family,2/10/2024
725,725,Free,10/29/2024
726,726,Premium,12/8/2024
727,727,Student,1/3/2024
728,728,Student,7/13/2024
729,729,Student,5/30/2023
730,730,Family,8/23/2024
731,731,Family,5/25/2023
732,732,Family,3/8/2024
733,733,Family,9/11/2024
734,734,Premium,7/12/2024
735,735,Family,11/25/2023
736,736,Family,8/7/2024
737,737,Student,5/29/2024
738,738,Free,9/14/2024
739,739,Family,1/16/2024
740,740,Student,12/17/2024
741,741,Free,9/12/2023
742,742,Student,6/6/2023
743,743,Premium,1/2/2024
744,744,Family,11/8/2023
745,745,Premium,2/17/2025
746,746,Family,10/27/2023
747,747,Premium,9/8/2024
748,748,Premium,11/28/2023
749,749,Free,11/19/2023
750,750,Free,11/8/2024
751,751,Premium,12/11/2024
752,752,Student,2/14/2024
753,753,Student,1/15/2024
754,754,Family,10/13/2024
755,755,Free,11/4/2024
756,756,Family,7/26/2024
757,757,Family,11/30/2023
758,758,Student,9/25/2024
759,759,Student,3/6/2024
760,760,Student,8/4/2023
761,761,Free,8/7/2023
762,762,Premium,11/16/2023
763,763,Free,12/27/2023
764,764,Premium,10/31/2023
765,765,Family,5/24/2023
766,766,Premium,8/31/2023
767,767,Free,1/16/2024
768,768,Family,7/20/2023
769,769,Family,5/26/2023
770,770,Family,8/22/2023
771,771,Family,10/29/2023
772,772,Premium,2/9/2024
773,773,Student,11/3/2023
774,774,Premium,7/1/2023
775,775,Student,6/14/2024
776,776,Family,8/24/2023
777,777,Free,8/7/2024
778,778,Premium,9/24/2024
779,779,Premium,11/13/2023
780,780,Student,8/12/2024
781,781,Premium,6/22/2024
782,782,Family,11/28/2024
783,783,Family,4/9/2024
784,784,Student,3/31/2024
785,785,Free,11/24/2023
786,786,Free,1/30/2025
787,787,Premium,11/5/2024
788,788,Student,9/21/2024
789,789,Free,9/13/2023
790,790,Free,5/6/2023
791,791,Premium,3/1/2025
792,792,Student,5/16/2024
793,793,Premium,4/30/2024
794,794,Student,3/10/2025
795,795,Student,8/18/2023
796,796,Student,10/18/2024
797,797,Premium,7/6/2024
798,798,Premium,12/14/2023
799,799,Family,4/2/2024
800,800,Student,4/25/2023
801,801,Premium,10/23/2024
802,802,Family,3/19/2024
803,803,Premium,5/24/2024
804,804,Free,9/29/2024
805,805,Premium,10/26/2023
806,806,Family,9/16/2024
807,807,Premium,10/3/2023
808,808,Premium,3/7/2025
809,809,Family,5/11/2023
810,810,Premium,12/20/2024
811,811,Premium,9/8/2023
812,812,Free,1/5/2024
813,813,Family,5/18/2024
814,814,Student,5/12/2023
815,815,Free,1/29/2024
816,816,Family,10/25/2023
817,817,Premium,2/9/2025
818,818,Family,7/30/2024
819,819,Free,5/9/2024
820,820,Premium,11/23/2023
821,821,Premium,6/3/2023
822,822,Free,7/14/2023
823,823,Family,8/3/2023
824,824,Free,3/18/2025
825,825,Premium,1/24/2024
826,826,Premium,5/5/2023
827,827,Premium,10/19/2023
828,828,Free,4/11/2024
829,829,Family,12/12/2024
830,830,Free,1/25/2025
831,831,Student,7/22/2024
832,832,Free,9/27/2023
833,833,Premium,1/14/2025
834,834,Family,3/4/2024
835,835,Family,5/5/2024
836,836,Free,10/21/2023
837,837,Student,4/21/2024
838,838,Premium,10/6/2024
839,839,Premium,6/15/2024
840,840,Family,7/5/2024
841,841,Free,6/26/2024
842,842,Student,9/28/2024
843,843,Student,11/5/2023
844,844,Student,11/22/2023
845,845,Premium,11/15/2023
846,846,Student,10/2/2023
847,847,Premium,8/21/2023
848,848,Premium,7/2/2024
849,849,Student,5/14/2024
850,850,Family,9/20/2024
851,851,Free,1/6/2024
852,852,Premium,8/22/2024
853,853,Premium,8/30/2024
854,854,Free,7/28/2024
855,855,Student,3/9/2025
856,856,Family,6/8/2024
857,857,Free,8/21/2023
858,858,Family,7/8/2024
859,859,Student,8/27/2024
860,860,Family,4/8/2024
861,861,Premium,12/19/2023
862,862,Premium,6/8/2024
863,863,Premium,5/17/2023
864,864,Premium,12/6/2024
865,865,Student,4/14/2024
866,866,Free,11/1/2023
867,867,Student,11/11/2024
868,868,Student,12/28/2023
869,869,Free,2/29/2024
870,870,Premium,1/5/2025
871,871,Premium,12/7/2023
872,872,Premium,1/28/2025
873,873,Student,10/8/2024
874,874,Premium,8/17/2024
875,875,Premium,12/14/2024
876,876,Free,12/12/2024
877,877,Premium,7/25/2024
878,878,Premium,2/19/2025
879,879,Family,8/2/2023
880,880,Family,12/25/2024
881,881,Family,8/7/2024
882,882,Student,7/22/2024
883,883,Premium,2/6/2024
884,884,Student,5/10/2024
885,885,Premium,2/9/2024
886,886,Premium,1/21/2025
887,887,Premium,7/28/2024
888,888,Premium,8/10/2023
889,889,Free,3/19/2024
890,890,Premium,1/19/2025
891,891,Premium,3/9/2025
892,892,Premium,7/17/2024
893,893,Free,8/8/2023
894,894,Student,2/18/2025
895,895,Family,8/17/2023
896,896,Family,3/16/2024
897,897,Student,2/10/2025
898,898,Family,7/8/2024
899,899,Student,4/28/2024
900,900,Family,12/4/2023
901,901,Premium,10/15/2023
902,902,Free,9/4/2024
903,903,Family,9/2/2024
904,904,Student,4/12/2024
905,905,Free,3/20/2024
906,906,Student,7/3/2023
907,907,Premium,7/14/2024
908,908,Free,8/11/2023
909,909,Premium,10/20/2024
910,910,Premium,1/27/2024
911,911,Free,6/22/2024
912,912,Family,3/10/2025
913,913,Free,9/2/2024
914,914,Free,11/27/2024
915,915,Student,4/4/2024
916,916,Family,8/4/2024
917,917,Premium,8/1/2024
918,918,Premium,7/14/2023
919,919,Premium,7/5/2023
920,920,Family,6/2/2023
921,921,Student,6/4/2024
922,922,Family,6/2/2024
923,923,Student,8/13/2024
924,924,Family,8/17/2023
925,925,Free,10/15/2023
926,926,Free,8/29/2024
927,927,Family,9/7/2024
928,928,Premium,11/13/2023
929,929,Student,2/18/2024
930,930,Premium,5/20/2023
931,931,Family,6/2/2023
932,932,Free,1/8/2024
933,933,Student,6/1/2024
934,934,Family,9/14/2024
935,935,Free,8/22/2023
936,936,Student,1/14/2024
937,937,Free,8/10/2024
938,938,Free,9/23/2024
939,939,Premium,3/12/2025
940,940,Family,3/10/2025
941,941,Free,12/5/2024
942,942,Premium,10/10/2024
943,943,Free,12/26/2024
944,944,Free,8/29/2023
945,945,Premium,12/15/2023
946,946,Premium,9/16/2023
947,947,Family,11/29/2024
948,948,Family,6/20/2023
949,949,Premium,12/26/2024
950,950,Student,6/8/2024
951,951,Student,8/11/2023
952,952,Student,6/12/2023
953,953,Premium,5/13/2023
954,954,Premium,10/10/2023
955,955,Free,12/1/2024
956,956,Premium,6/14/2023
957,957,Premium,9/19/2024
958,958,Student,7/28/2023
959,959,Family,7/9/2024
960,960,Premium,12/20/2024
961,961,Student,7/28/2024
962,962,Student,7/4/2024
963,963,Family,9/5/2024
964,964,Free,6/14/2024
965,965,Premium,8/10/2024
966,966,Student,7/21/2023
967,967,Family,6/30/2023
968,968,Student,4/18/2024
969,969,Premium,2/23/2024
970,970,Student,6/15/2024
971,971,Family,5/7/2023
972,972,Student,11/2/2023
973,973,Family,1/19/2025
974,974,Student,8/24/2023
975,975,Student,5/18/2023
976,976,Premium,10/29/2023
977,977,Premium,3/12/2025
978,978,Family,1/26/2025
979,979,Free,1/25/2024
980,980,Family,11/30/2023
981,981,Premium,3/10/2025
982,982,Student,9/14/2023
983,983,Student,5/26/2023
984,984,Family,12/4/2023
985,985,Student,1/25/2024
986,986,Free,8/8/2023
987,987,Free,11/19/2023
988,988,Student,3/1/2024
989,989,Student,10/19/2023
990,990,Premium,10/13/2023
991,991,Free,2/6/2024
992,992,Family,10/5/2024
993,993,Free,3/2/2024
994,994,Student,12/6/2023
995,995,Premium,6/23/2023
996,996,Free,2/26/2025
997,997,Premium,7/10/2024
998,998,Free,6/5/2023
999,999,Free,1/22/2024
1000,1000,Family,6/12/2024
